Firma,Team,Mitarbeiter
4K Analytics,Geschäftsführung,Drew Jones
4K Analytics,Geschäftsführung,Avery Lopez
4K Analytics,Geschäftsführung,Taylor Garcia
4K Analytics,Geschäftsführung,Morgan Wilson
4K Analytics,Geschäftsführung,Taylor Davis
4K Analytics,Geschäftsführung,Jordan Smith
4K Analytics,Business Development,Casey Wilson
4K Analytics,Products,Taylor Jones
4K Analytics,Products,Jordan Lopez
4K Analytics,Products,Morgan Brown
4K Analytics,Products,Chris Brown
4K Analytics,Products,Jamie Brown
4K Analytics,Products,Skyler Martinez
4K Analytics,Consulting,Jamie Williams
4K Analytics,Consulting,Drew Davis
4K Analytics,Consulting,Morgan Brown
4K Analytics,Consulting,Taylor Wilson
4K Analytics,Consulting,Jamie Lopez
4K Analytics,Consulting,Skyler Smith
4K Analytics,Consulting,Alex Williams
4K Analytics,Consulting,Skyler Jones
4K Analytics,Consulting,Morgan Garcia
4K Analytics,Consulting,Jamie Lopez
4K Analytics,Consulting,Alex Garcia
4K Analytics,Consulting,Jamie Wilson
4K Analytics,Data Science,Alex Martinez
4K Analytics,Data Science,Chris Smith
4K Analytics,Data Science,Alex Johnson
4K Analytics,Data Science,Jordan Brown
4K Analytics,Data Science,Jordan Davis
4K Analytics,Data Science,Jordan Smith
4K Analytics,Data Science,Taylor Jones
4K Analytics,Data Science,Taylor Lopez
4K Analytics,Data Science,Chris Brown
4K Analytics,Data Science,Drew Jones
4K Analytics,Data Science,Drew Smith
4K Analytics,Development,Jamie Davis
4K Analytics,Development,Casey Johnson
4K Analytics,Development,Jordan Smith
4K Analytics,Development,Jamie Smith
4K Analytics,Development,Jamie Lopez
4K Analytics,Development,Drew Johnson
4K Analytics,Development,Drew Martinez
4K Analytics,Development,Taylor Johnson
4K Analytics,Development,Alex Wilson
4K Analytics,Development,Alex Smith
4K Analytics,Development,Avery Garcia
4K Analytics,Development,Avery Brown
4K Analytics,Development,Casey Wilson
4K Analytics,Development,Jordan Davis
CLINIBOTS,Geschäftsführung,Chris Davis
CLINIBOTS,Team,Avery Williams
CLINIBOTS,Team,Drew Williams
CLINIBOTS,Team,Skyler Martinez
CLINIBOTS,Team,Jordan Jones
CLINIBOTS,Team,Avery Johnson
GREENBAY research,Geschäftsführung,Morgan Lopez
GREENBAY research,Geschäftsführung,Jamie Brown
GREENBAY research,Team,Casey Wilson
GREENBAY research,Team,Drew Williams
GREENBAY research,Team,Skyler Lopez
GREENBAY research,Team,Chris Brown
GREENBAY research,Team,Chris Wilson
GREENBAY research,Team,Jordan Lopez
GREENBAY research,Team,Drew Davis
InfAI Management,Geschäftsführung,Casey Davis
InfAI Management,Softwareentwicklung,Jordan Williams
InfAI Management,Softwareentwicklung,Skyler Davis
InfAI Management,Softwareentwicklung,Casey Garcia
InfAI Management,Softwareentwicklung,Drew Wilson
InfAI Management,Softwareentwicklung,Morgan Johnson
InfAI Management,Softwareentwicklung,Chris Garcia
InfAI Management,Softwareentwicklung,Jamie Lopez
InfAI Management,Softwareentwicklung,Taylor Lopez
InfAI Management,Softwareentwicklung,Jordan Martinez
InfAI Management,Softwareentwicklung,Alex Johnson
InfAI Management,Softwareentwicklung,Morgan Wilson
InfAI Management,Softwareentwicklung,Taylor Lopez
InfAI Management,Softwareentwicklung,Jordan Garcia
InfAI Management,Softwareentwicklung,Morgan Davis
InfAI Management,Softwareentwicklung,Chris Williams
InfAI Management,Softwareentwicklung,Avery Wilson
InfAI Management,Softwareentwicklung,Alex Wilson
InfAI Management,Softwareentwicklung,Skyler Williams
InfAI Management,Softwareentwicklung,Casey Garcia
InfAI Management,Softwareentwicklung,Alex Wilson
InfAI Management,Softwareentwicklung,Casey Brown
InfAI Management,Softwareentwicklung,Taylor Davis
InfAI Management,Softwareentwicklung,Morgan Wilson
iNNO3,Geschäftsführung,Chris Wilson
iNNO3,Geschäftsführung,Avery Jones
iNNO3,Team,Taylor Lopez
iNNO3,Team,Jamie Brown
iNNO3,Team,Taylor Lopez
iNNO3,Team,Jamie Johnson
iNNO3,Team,Skyler Jones
Lieblingsimmobilien,Geschäftsführung,Morgan Johnson
Lieblingsimmobilien,Team,Chris Williams
Termingo,Geschäftsführung,Casey Martinez
Termingo,Team ,Avery Williams
Visgato,Geschäftsführung,Taylor Lopez
Visgato,Geschäftsführung,Jordan Johnson
Visgato,Team,Avery Smith
WIG2,Wissenschaftlicher Beirat,Taylor Lopez
WIG2,Wissenschaftlicher Beirat,Skyler Williams
WIG2,Wissenschaftlicher Beirat,Jamie Brown
WIG2,Wissenschaftlicher Beirat,Avery Wilson
WIG2,Geschäftsführung,Casey Williams
WIG2,Geschäftsführung,Jamie Lopez
WIG2,Strategischer Beirat,Morgan Martinez
WIG2,Strategischer Beirat,Jordan Lopez
WIG2,Strategischer Beirat,Drew Smith
WIG2,Gesundheitswirtschaft,Chris Smith
WIG2,Gesundheitswirtschaft,Chris Davis
WIG2,Gesundheitswirtschaft,Avery Davis
WIG2,Gesundheitswirtschaft,Chris Martinez
WIG2,Gesundheitswirtschaft,Alex Davis
WIG2,Gesundheitswirtschaft,Taylor Wilson
WIG2,Gesundheitswirtschaft,Casey Williams
WIG2,Gesundheitswirtschaft,Drew Lopez
WIG2,Gesundheitswirtschaft,Drew Lopez
WIG2,Gesundheitswirtschaft,Alex Brown
WIG2,Gesundheitswirtschaft,Alex Brown
WIG2,Gesundheitswirtschaft,Alex Martinez
WIG2,Gesundheitswirtschaft,Chris Lopez
WIG2,Gesundheitsökonomie,Alex Wilson
WIG2,Gesundheitsökonomie,Casey Johnson
WIG2,Gesundheitsökonomie,Jamie Wilson
WIG2,Gesundheitsökonomie,Avery Jones
WIG2,Gesundheitsökonomie,Drew Smith
WIG2,Gesundheitsökonomie,Casey Williams
WIG2,Gesundheitsökonomie,Avery Smith
WIG2,Gesundheitsökonomie,Casey Lopez
WIG2,Gesundheitsökonomie,Jordan Smith
WIG2,Gesundheitsökonomie,Alex Wilson
WIG2,Gesundheitsökonomie,Jamie Lopez
WIG2,Versorgungsforschung,Chris Garcia
WIG2,Versorgungsforschung,Jordan Garcia
WIG2,Versorgungsforschung,Casey Davis
WIG2,Versorgungsforschung,Taylor Garcia
WIG2,Versorgungsforschung,Alex Johnson
WIG2,Versorgungsforschung,Casey Smith
WIG2,Versorgungsforschung,Chris Wilson
WIG2,Versicherungs- und Finanzierungssysteme,Chris Brown
WIG2,Versicherungs- und Finanzierungssysteme,Alex Jones
WIG2,Versicherungs- und Finanzierungssysteme,Jamie Davis
WIG2,Versicherungs- und Finanzierungssysteme,Morgan Jones
WIG2,Versicherungs- und Finanzierungssysteme,Skyler Lopez
WIG2,Versicherungs- und Finanzierungssysteme,Drew Wilson
WIG2,Versicherungs- und Finanzierungssysteme,Jordan Davis
WIG2,Versicherungs- und Finanzierungssysteme,Avery Martinez
WIG2,Versicherungs- und Finanzierungssysteme,Avery Lopez
WIG2,Versicherungs- und Finanzierungssysteme,Taylor Johnson
WIG2,Versicherungs- und Finanzierungssysteme,Jamie Wilson
WIG2,Versicherungs- und Finanzierungssysteme,Drew Williams
WIG2,Wissenschaftliche Entwicklung ,Jordan Garcia
WIG2,Wissenschaftliche Entwicklung ,Skyler Williams
WIG2,Wissenschaftliche Entwicklung ,Morgan Davis
WIG2,Wissenschaftliche Entwicklung ,Casey Johnson
WIG2,Wissenschaftliche Entwicklung ,Jordan Garcia
WIG2,Wissenschaftliche Entwicklung ,Alex Davis
WIG2,Wissenschaftliche Entwicklung ,Jamie Martinez
WIG2,Wissenschaftliche Entwicklung ,Chris Jones
WIG2,Wissenschaftliche Entwicklung ,Taylor Garcia
WIG2,Wissenschaftliche Entwicklung ,Taylor Smith
iLOC,Assistenz und Büromanagement,Taylor Garcia
iLOC,Assistenz und Büromanagement,Alex Brown
iLOC,Assistenz und Büromanagement,Morgan Davis
iLOC,Assistenz und Büromanagement,Skyler Garcia
iLOC,Finanzen,Chris Martinez
iLOC,Finanzen,Casey Garcia
iLOC,Finanzen,Morgan Wilson
iLOC,Finanzen,Skyler Martinez
iLOC,Finanzen,Drew Smith
iLOC,IT und Systemadministration,Jordan Smith
iLOC,IT und Systemadministration,Drew Jones
iLOC,Kommunikation und Marketing,Alex Jones
iLOC,Kommunikation und Marketing,Jordan Martinez
iLOC,Kommunikation und Marketing,Skyler Martinez
iLOC,Kommunikation und Marketing,Chris Jones
iLOC,Kommunikation und Marketing,Drew Jones
iLOC,Personal,Morgan Jones
iLOC,Personal,Jordan Brown
iLOC,Personal,Taylor Johnson
iLOC,Personal,Chris Smith
iLOC,Personal,Morgan Wilson
iLOC,Projektentwicklung,Jordan Garcia
iLOC,Projektentwicklung,Jordan Smith
Externe Partner,Software-Entwicklung,Morgan Brown
Externe Partner,Medien/Interface-Design,Morgan Garcia
Externe Partner,Partnerunternehmen Santus,Casey Martinez
Externe Partner,Partnerunternehmen Santus,Drew Johnson
